file,predicted_types,type_Bug,type_Dark,type_Dragon,type_Electric,type_Fairy,type_Fighting,type_Fire,type_Flying,type_Ghost,type_Grass,type_Ground,type_Ice,type_Normal,type_Poison,type_Psychic,type_Rock,type_Steel,type_Water
1-Bulbasaur.png,"Grass,Poison",2.439882700855378e-05,0.00010423423373140395,3.0523762688972056e-05,5.567039806919638e-06,3.2207528420258313e-05,7.726545300101861e-05,3.7087327655171975e-05,3.9283171645365655e-05,0.00016391277313232422,0.9989911317825317,0.00043633580207824707,0.0005075037479400635,7.332437235163525e-05,0.9998470544815063,0.00022473931312561035,0.0002734959125518799,9.048485480889212e-06,0.00011081548291258514
10-Caterpie.png,Bug,0.9999656081199646,5.175243586563738e-06,2.7527232305146754e-05,7.072622975101694e-05,0.0003121793270111084,0.0009814798831939697,0.0002810955047607422,0.0017869174480438232,5.232124294707319e-06,0.005381286144256592,1.11184972411138e-05,1.0200021733908216e-06,0.00011641094897640869,0.0004335343837738037,3.475503399386071e-05,0.00031387805938720703,7.972397725097835e-05,0.00011938472744077444
100-Voltorb.png,Electric,0.00010285258758813143,2.379095894866623e-05,0.0003656446933746338,0.9999550580978394,0.00015339255332946777,1.997461595237837e-06,0.0001945197582244873,0.00013574957847595215,4.3182240915484726e-05,8.920380787458271e-05,3.707470386871137e-05,3.4366017644060776e-05,2.865662463591434e-05,3.78089644073043e-05,0.0002149641513824463,1.575629721628502e-05,0.00023883581161499023,0.00014021992683410645
101-Electrode.png,Electric,1.1405701116018463e-05,3.341933279443765e-06,6.0647969803540036e-05,0.9999936819076538,5.746422175434418e-05,5.570286703004967e-07,7.419708254019497e-06,0.0004787743091583252,4.348149104771437e-06,4.955473400514165e-07,1.0569373444013763e-05,7.935535904834978e-06,2.387757149335812e-06,1.0685240567909204e-06,2.153751665900927e-05,3.664727773866616e-05,0.00010029481927631423,4.609592360793613e-05
102-Exeggcute.png,"Grass,Psychic",2.5863005248538684e-06,3.0726819204573985e-06,1.0124346516704463e-07,4.0582406654721126e-05,2.3055974452290684e-05,1.2700520528596826e-05,1.2298888577788603e-05,2.266310502818669e-06,2.4710398065508343e-06,0.999114990234375,3.9307826682488667e-07,0.0003555417060852051,1.1462305337772705e-05,2.898598552292242e-07,0.9999989867210388,6.829520862083882e-05,1.007139144348912e-05,4.2389465306769125e-06
103-Exeggutor.png,"Grass,Psychic",2.5295581508544274e-05,1.6071522622951306e-05,3.119355596936657e-06,9.925935592036694e-05,4.731451190309599e-05,1.1790425560320728e-05,1.8957136489916593e-05,5.659436646965332e-05,9.147396667685825e-06,0.9827628135681152,2.1591438780887984e-05,0.00025209784507751465,4.818833986064419e-05,0.00014901161193847656,0.9999299049377441,0.00012686848640441895,1.677260297583416e-05,2.807465716614388e-05
104-Cubone.png,Ground,1.0480792411726725e-07,6.34630350759835e-06,9.726837561174762e-06,9.268184726352047e-07,8.066088525993109e-07,3.1232402761816047e-06,0.0001310110092163086,2.165275418519741e-06,2.8604076760530006e-06,2.5696390366647393e-06,0.9997128248214722,9.746583236847073e-05,1.3766543816018384e-06,0.0009470880031585693,2.8609410946955904e-05,6.144502549432218e-05,3.722644760273397e-05,3.520059863149072e-06
105-Marowak.png,Ground,7.707274562562816e-06,0.0001091383455786854,0.0006809532642364502,4.103809260413982e-06,1.0187370207859203e-05,0.0003097951412200928,7.115896005416289e-05,0.0006408393383026123,2.7267702535027638e-05,3.237710643588798e-06,0.9979438781738281,0.0003514885902404785,5.293443246046081e-05,2.251297155453358e-05,0.00015845894813537598,0.05924674868583679,0.0005790889263153076,0.00011910088505828753
106-Hitmonlee.png,Fighting,5.14848068178253e-07,3.789480615523644e-05,2.032861448242329e-05,5.018713977733569e-07,4.5444545548889437e-07,0.9999911785125732,9.530696843285114e-05,3.097704393439926e-05,6.592792942683445e-07,4.032373226436903e-07,1.1605296094785444e-05,1.1752979389711982e-06,1.2034741303068586e-05,1.0117980764334789e-06,3.052641113754362e-05,1.0855284017452504e-05,3.235105623389245e-06,1.051686740538571e-05
107-Hitmonchan.png,Fighting,0.0004552602767944336,0.0012339353561401367,0.00016006827354431152,0.00014796853065490723,0.00012475252151489258,0.9995790719985962,0.0009707510471343994,0.00016105175018310547,8.808185521047562e-05,2.742626929830294e-05,0.00022646784782409668,2.0872586901532486e-05,0.0003075897693634033,0.00016289949417114258,2.2328487830236554e-05,8.003196126082912e-05,0.00017595291137695312,0.002917349338531494
108-Lickitung.png,Normal,2.451915406709304e-06,2.2225822249311022e-06,0.0002003014087677002,2.6252946554450318e-05,5.800507096864749e-07,4.0494469430996105e-06,3.8676724216202274e-05,0.0014637410640716553,2.0056982066307683e-06,9.279457117372658e-06,0.00012865662574768066,1.9507067463564454e-06,0.9997986555099487,4.817476110474672e-06,2.927101149907685e-06,1.1535195881151594e-05,2.911855858656054e-07,9.030205546878278e-05
109-Koffing.png,Poison,0.00018465518951416016,8.807365702523384e-06,7.1839490374259185e-06,6.908149771334138e-06,5.58170722797513e-06,1.823291677283123e-05,2.2904985144123202e-06,9.576781303621829e-05,0.00044849514961242676,0.00013053417205810547,5.044771023676731e-05,1.072773193300236e-05,1.2369961041258648e-05,0.9999908804893494,2.9120894396328367e-05,5.721516572521068e-06,2.552103978814557e-06,3.2935513445409015e-05
11-Metapod.png,Bug,0.9998849630355835,8.103486834443174e-06,7.097048364812508e-05,0.000378340482711792,0.00019934773445129395,0.0007673203945159912,0.0013597607612609863,0.0007543861865997314,1.3273524018586613e-05,0.0036256909370422363,3.819445919361897e-05,1.4750919490325032e-06,0.0002646148204803467,0.0009367763996124268,9.061802302312572e-06,7.192079010565067e-06,0.00022011995315551758,6.116503936937079e-05
110-Weezing.png,Poison,3.220027792849578e-05,2.770273385976907e-05,1.1083307981607504e-05,0.00017273426055908203,1.3223269661466475e-06,3.733013272722019e-06,3.595561111069401e-06,0.00011955836816923693,0.0043437182903289795,1.661979331402108e-05,2.781261719064787e-05,1.3462565675581573e-06,3.6796061522181844e-06,0.9999942779541016,1.2414805041771615e-06,4.9109748943010345e-06,2.621060502860928e-06,1.9296412574476562e-06
111-Rhyhorn.png,"Ground,Rock",2.468607931405131e-07,5.412922746472759e-06,2.713545472943224e-05,5.428381655292469e-07,3.52409870174597e-07,1.481641476175355e-07,1.627396670755843e-07,4.833200364373624e-06,1.3782241694570985e-06,7.790539484631154e-07,0.9999990463256836,1.2229740605107509e-05,2.31003559747478e-06,1.7743948319548508e-06,4.007358802482486e-05,0.9999945163726807,1.7258627849514596e-05,2.5791023290366866e-05
112-Rhydon.png,"Ground,Rock",2.4019802367547527e-05,0.00040584802627563477,0.0013710558414459229,3.1638028303859755e-05,8.278798304672819e-06,2.1225681848591194e-05,7.297734100575326e-06,0.0004787445068359375,0.00013369321823120117,3.92437959817471e-06,0.9998132586479187,1.5362149497377686e-05,4.084994361619465e-05,7.227768946904689e-05,2.7541360395844094e-05,0.9997854232788086,8.315374725498259e-05,0.0009310543537139893
113-Chansey.png,Normal,2.00250065063301e-06,4.0832355807651766e-06,2.5742699563124916e-06,1.1634696420514956e-05,8.811999578028917e-05,7.912547516752966e-06,2.5514309527352452e-05,0.00015160441398620605,4.715232535090763e-06,6.406172178685665e-05,4.311356315156445e-05,7.389519851130899e-06,0.9999773502349854,7.065803856676212e-06,2.9851904400857165e-05,1.9054959921049885e-05,3.7066038771627063e-07,3.817492142843548e-06
114-Tangela.png,Grass,4.707234779743885e-08,4.329720582063601e-07,7.897258910816163e-06,1.8122973415302113e-05,5.029206384676854e-09,4.800092483492335e-07,1.5538913658019737e-06,3.3323569823551225e-06,6.01881083639455e-07,0.9999995231628418,3.811413535004249e-06,6.04652370839176e-07,5.551198682951508e-06,1.5333082046709023e-05,3.229937647120096e-05,5.138183041708544e-06,3.050398845516611e-06,1.1697382618081065e-08
115-Kangaskhan.png,Normal,0.0002684295177459717,3.7763431919302093e-06,2.192525471400586e-06,0.00012695789337158203,0.0009550750255584717,5.744101599702844e-06,9.306753781856969e-06,4.841345071326941e-05,8.689379683346488e-06,0.0005691647529602051,3.1990031857276335e-05,5.609236723103095e-06,0.9989708662033081,3.563236532500014e-05,0.00011154336971230805,4.1935986700991634e-06,7.314738468267024e-07,0.00036132335662841797
116-Horsea.png,Water,7.3694272941793315e-06,1.10279543150682e-05,0.0003732442855834961,1.1471994184830692e-05,7.2896655183285475e-06,0.00010858551104320213,8.178029133887321e-07,0.0006221234798431396,1.9686010546138277e-06,2.0393129034346202e-06,0.0001239776611328125,2.9335553335840814e-05,2.3364555090665817e-05,3.9378704968839884e-05,8.43364541651681e-05,0.0029181838035583496,5.90996978644398e-06,0.999962329864502
117-Seadra.png,Water,8.735843948670663e-06,9.127188604907133e-06,1.7526801457279362e-05,5.410628727986477e-05,1.1665783858916257e-05,7.857345735828858e-06,3.1573176784149837e-06,0.00013244152069091797,3.181143256369978e-06,1.3014946489420254e-06,4.180866380920634e-05,6.527770892716944e-05,1.6935424355324358e-05,1.4113108591118362e-05,2.9523202101700008e-05,0.0037154555320739746,6.1912151068099774e-06,0.9999480247497559
118-Goldeen.png,Water,3.82486978196539e-05,1.3693121218238957e-05,4.842472117161378e-05,4.8112895456142724e-05,1.8577375158201903e-05,0.00025975704193115234,0.002045184373855591,2.0030442101415247e-05,2.2226074634090764e-06,1.7721735275699757e-05,4.253689257893711e-05,0.00026604533195495605,2.645203858264722e-05,3.0542516469722614e-05,4.29026986239478e-05,3.235545591451228e-05,8.508368409820832e-06,0.9994698166847229
119-Seaking.png,Water,5.8141063163930085e-06,8.481790700898273e-07,1.5415886309710913e-06,4.515591717790812e-05,7.087011226758477e-07,1.4803950989517034e-06,1.2428623449523002e-05,0.00019422173500061035,4.191639035866501e-08,2.784879313821875e-07,3.429534444876481e-06,0.0003071725368499756,5.0225928134750575e-05,1.774586877445472e-07,1.680756554378604e-06,4.745899059344083e-05,2.2707065454596886e-06,0.9999983310699463
12-Butterfree.png,"Bug,Flying",0.9998419284820557,9.208170013152994e-07,0.0007697343826293945,1.8031103536486626e-05,4.800592068932019e-05,3.7605805118801072e-06,1.4633398677688092e-05,0.9910601377487183,6.9258421717677265e-06,2.2425576844398165e-06,1.2851382052758709e-05,2.826638137776172e-06,0.0002986788749694824,0.15759217739105225,8.662154868943617e-05,8.061352127697319e-05,1.1881777027156204e-05,6.635135650867596e-05
120-Staryu.png,Water,0.00026792287826538086,7.88800844020443e-06,5.514021722774487e-06,2.9554696084233e-05,2.1357747755246237e-05,2.9370068659773096e-05,7.333633402595297e-05,5.902712291572243e-05,2.1049568204034586e-06,2.5362420274177566e-05,3.5952372854808345e-05,1.1825819456134923e-05,0.0006795823574066162,1.3645526451000478e-05,0.0002873837947845459,0.0004462897777557373,9.719215086079203e-06,0.9997098445892334
121-Starmie.png,"Psychic,Water",3.999920750175079e-07,1.2979930943401996e-06,1.952460024767788e-06,1.2756582918882486e-06,0.0005211234092712402,2.9090276143506344e-07,2.8914863037243776e-07,1.371363168800599e-06,1.7783606836019317e-06,1.1332298527122475e-05,3.830781679425854e-06,1.0600970199448057e-05,0.0002587735652923584,3.3022377010638593e-07,0.9999728798866272,0.00015154480934143066,5.006330866308417e-06,0.9993079900741577
122-MrMime.png,"Fairy,Psychic",8.392454037675634e-05,1.5423709101014538e-06,4.962331149727106e-05,8.035891369218007e-05,0.9997630715370178,5.124478411744349e-05,3.5747391393670114e-06,8.813743079372216e-06,1.5978923329384997e-05,1.3436137123790104e-05,8.097820682451129e-05,0.00013488531112670898,0.0008510053157806396,2.363776002312079e-05,0.9917806386947632,3.494313932606019e-05,0.00018361210823059082,0.00012181951751699671
123-Scyther.png,"Bug,Flying",0.9995027780532837,3.291684379291837e-06,0.0003795027732849121,1.0201914847129956e-05,1.3449431207845919e-05,0.000315248966217041,4.3118208850501105e-05,0.9997159242630005,1.502442160017381e-06,0.0001480579376220703,7.958921196404845e-05,6.651573130511679e-06,6.704563566017896e-05,0.00014412403106689453,1.5632011127308942e-05,0.000463634729385376,9.659636998549104e-05,0.0003993809223175049
124-Jynx.png,"Ice,Psychic",1.814448660297785e-05,3.246180494897999e-05,4.802595412911614e-06,3.610720114011201e-07,0.00011195601837243885,4.120595986023545e-05,7.58984315325506e-05,0.0004095137119293213,2.6106441509909928e-05,3.770932380575687e-05,6.204997043823823e-05,0.9999041557312012,9.308404514740687e-06,0.00025728344917297363,0.9980719089508057,8.152457303367555e-05,0.00023451447486877441,0.00019443035125732422
125-Electabuzz.png,Electric,4.892344441032037e-05,0.00031134486198425293,8.317983883898705e-05,0.9996485710144043,0.00010723532614065334,6.887648487463593e-05,0.00548398494720459,0.0003841519355773926,0.00030744075775146484,1.5780733519932255e-05,0.000831305980682373,1.5548394003417343e-05,0.0002886354923248291,0.0003606081008911133,6.534585554618388e-05,4.167963925283402e-05,0.00017708539962768555,1.1523332432261668e-05
126-Magmar.png,"Fighting,Fire",0.0020055770874023438,0.0021517276763916016,0.0010656118392944336,0.00010217390808975324,0.00010064445086754858,0.8743869066238403,0.9940099716186523,0.006781101226806641,5.285256338538602e-05,0.0015376806259155273,0.011906236410140991,4.521801747614518e-05,7.105981057975441e-05,0.00034865736961364746,0.00010196093353442848,0.00032719969749450684,9.451876394450665e-05,0.00022536516189575195
127-Pinsir.png,Bug,0.9999709129333496,3.7492718547582626e-06,3.6241195630282164e-05,9.246141416952014e-05,8.175658877007663e-05,0.00011834512406494468,9.336957737104967e-05,0.00011128113692393526,1.6285737729049288e-05,0.0010561347007751465,2.461327676428482e-05,5.912582423661661e-07,2.0392575606820174e-05,0.0005538761615753174,8.252360203186981e-06,0.00012537837028503418,0.0006733238697052002,4.456671740626916e-05
128-Tauros.png,Normal,7.0899482125241775e-06,2.0123821741435677e-05,5.485876499733422e-06,0.00019747018814086914,0.00023755431175231934,2.339800266781822e-05,0.0005119144916534424,0.00012048378266626969,8.866265488904901e-06,7.970523256517481e-06,3.5905839467886835e-05,3.329934656903788e-07,0.9998878240585327,2.5724699298734777e-05,3.240507794544101e-05,2.21057198359631e-05,3.713687419804046e-07,9.520372259430587e-06
129-Magikarp.png,Water,0.001251131296157837,1.9538263586582616e-05,5.583775418926962e-05,1.211694507219363e-05,3.245710104238242e-05,1.3994294931762852e-05,8.010236342670396e-05,0.0036658644676208496,5.6619119277456775e-06,0.0009095966815948486,7.445193477906287e-05,0.00023922324180603027,0.00011743904906325042,0.0008451640605926514,0.0014007389545440674,0.0007402002811431885,1.974460610654205e-05,0.9998738765716553
13-Weedle.png,"Bug,Poison",0.9998892545700073,1.6439338423879235e-06,6.97063296684064e-05,4.403206276037963e-06,9.21901755646104e-06,4.535578773356974e-05,0.00027000904083251953,0.00013941526412963867,9.469993528909981e-05,0.0005560815334320068,9.960946044884622e-05,2.7346425213181647e-07,1.1608783097472042e-05,0.999848484992981,1.7965860024560243e-05,4.6883556024113204e-06,1.6451854207844008e-06,7.839759928174317e-05
130-Gyarados.png,"Flying,Water",0.00013494491577148438,2.7089415652881144e-06,0.00016677379608154297,2.4781162210274488e-05,9.961258911062032e-07,6.214901304701925e-08,1.2151840564911254e-06,0.9995352029800415,4.2858164306380786e-07,3.649980726549984e-07,2.083382787532173e-05,6.092407784308307e-05,0.00018325448036193848,1.424299966856779e-06,8.093323231150862e-06,0.0004169046878814697,4.114103376195999e-06,0.9996431469917297
131-Lapras.png,"Ice,Water",5.200384111958556e-05,2.297818173246924e-05,0.00011551924399100244,1.8627741155796684e-05,8.368222188437358e-05,8.22410365799442e-05,9.107520781981293e-06,0.00040152668952941895,1.272104236704763e-05,4.5925669837743044e-05,0.00030726194381713867,0.8943189382553101,1.6535197573830374e-05,8.20660061435774e-05,0.0012120306491851807,0.003272026777267456,0.0004362761974334717,0.9999483823776245
132-Ditto.png,Normal,5.1997441914863884e-05,9.133994171861559e-05,5.601642988040112e-05,0.0004819929599761963,0.00451233983039856,9.858125849859789e-05,0.00018978118896484375,0.0002525150775909424,0.00023370981216430664,3.0052769943722524e-05,0.00035127997398376465,0.00019478797912597656,0.9991543889045715,0.0005182325839996338,0.001308739185333252,0.0004946291446685791,1.0892179489019327e-05,0.003275841474533081
133-Eevee.png,Normal,2.0049294562340947e-06,6.804980785091175e-06,2.1414007278508507e-06,0.0004092752933502197,0.00012255410547368228,1.788708323147148e-05,0.0004755556583404541,0.0002046823501586914,4.268376869731583e-06,1.9445124053163454e-06,6.860731082269922e-05,3.526464070091606e-06,0.999762773513794,1.2838433576689567e-05,6.392547675204696e-06,4.469046416488709e-06,4.5321195329961483e-07,3.36439952661749e-05
134-Vaporeon.png,Water,8.71252705110237e-05,2.0546500309137627e-05,1.4550542800861876e-05,2.4422082788078114e-05,2.1660633137798868e-05,0.0011354684829711914,1.5969417290762067e-05,0.00019615888595581055,1.576909653522307e-06,0.00011547827307367697,0.0002556443214416504,0.0014684796333312988,4.770757368532941e-05,8.357227670785505e-06,6.297459913184866e-05,0.0002989768981933594,8.946808520704508e-05,0.9999019503593445
135-Jolteon.png,Electric,0.0009848475456237793,0.0014024078845977783,0.0007439255714416504,0.9959220886230469,0.00046065449714660645,0.00014549493789672852,0.022687643766403198,0.001435995101928711,0.0005533397197723389,0.0005126595497131348,0.001999199390411377,0.00019502639770507812,1.236559637618484e-05,0.0008829832077026367,0.0004372596740722656,0.00011226168862776831,0.0025112032890319824,0.00025284290313720703
136-Flareon.png,Fire,1.8761507817544043e-05,3.716835635714233e-06,1.0037552783614956e-05,1.918436464620754e-05,4.071840157848783e-05,5.911046173423529e-06,0.9989967346191406,0.00012895464897155762,2.129605718437233e-07,1.6372265463360236e-06,2.4752182071097195e-05,3.965250471082982e-06,0.01564928889274597,1.6690228221705183e-06,7.878230690039345e-07,6.355179493766627e-07,2.1571371178197296e-07,1.044997316057561e-05
137-Porygon.png,Normal,8.920401342038531e-06,5.7268662203568965e-06,6.364656655932777e-06,4.141709359828383e-05,6.122964259702712e-05,8.25711504148785e-06,4.173369234194979e-05,6.232146552065387e-05,1.4401363841898274e-05,6.910749652888626e-05,0.00029471516609191895,4.2141455196542665e-06,0.999962329864502,2.3937318474054337e-05,1.67478447110625e-05,6.798867252655327e-05,1.0377716535003856e-06,1.0935822501778603e-05
138-Omanyte.png,"Rock,Water",0.0001774132251739502,7.077048940118402e-05,2.0885052435914986e-05,3.19547216349747e-05,2.1410893168649636e-05,7.889520020398777e-06,4.954094038112089e-05,0.00015148520469665527,7.280692807398736e-05,6.902984023327008e-05,0.0003923475742340088,0.00022274255752563477,3.6616987927118316e-05,6.816493987571448e-05,0.000428617000579834,0.9995728731155396,8.075679215835407e-05,0.9998700618743896
139-Omastar.png,"Rock,Water",0.00031259655952453613,0.0005335807800292969,5.66535527468659e-05,0.00023892521858215332,0.0002618730068206787,0.00023928284645080566,9.65834769885987e-05,0.0003287792205810547,0.000482708215713501,0.0005831420421600342,0.0011716485023498535,0.00037366151809692383,0.00014454126358032227,0.00010889775876421481,0.014905989170074463,0.9998103380203247,0.00045490264892578125,0.9996180534362793
14-Kakuna.png,"Bug,Poison",0.9987154603004456,1.0958560778817628e-05,9.272163879359141e-05,0.0009375512599945068,0.00020754337310791016,5.5817628890508786e-05,5.65132504561916e-05,0.0009760856628417969,0.00026786327362060547,0.0007514059543609619,0.00011124506272608414,1.506598164269235e-05,0.0002757906913757324,0.9675397276878357,0.0001245439052581787,0.0002008676528930664,0.00018653273582458496,0.027553528547286987
140-Kabuto.png,"Rock,Water",5.470441101351753e-05,2.0526640582829714e-05,3.776696075874497e-06,5.6611101172165945e-05,2.6283858460374177e-05,1.2398388207657263e-05,4.125211853533983e-05,2.734139525273349e-05,2.7288748242426664e-05,8.77350612427108e-06,2.6560432161204517e-05,4.630882904166356e-05,2.1891959477216005e-05,7.21735068509588e-06,0.0006255805492401123,0.9999245405197144,5.198970757192001e-05,0.9999866485595703
141-Kabutops.png,"Rock,Water",0.00045356154441833496,0.00015556812286376953,7.201245171017945e-05,1.9823341062874533e-05,0.0002741813659667969,2.168504215660505e-05,2.9188542612246238e-05,0.0005769729614257812,0.00029519200325012207,2.129756103386171e-05,0.0004183053970336914,0.00044351816177368164,2.842307003447786e-05,2.6773470381158404e-05,0.021241992712020874,0.9982727766036987,0.0014672279357910156,0.9982962608337402
142-Aerodactyl.png,"Flying,Rock",1.3121804158799932e-06,9.657688678998966e-06,0.0011202692985534668,7.988211905285425e-07,4.6474451664835215e-06,4.2020656110253185e-06,0.0007893741130828857,0.9999995231628418,3.199206048520864e-06,9.539398888591677e-07,7.110475416993722e-05,0.00011718196037691087,7.825831744412426e-06,0.020975738763809204,0.00015422701835632324,0.9727442264556885,6.3703646446811035e-06,1.181614038614498e-06
143-Snorlax.png,Normal,1.6186082518743206e-07,1.2679298606599332e-06,1.0093116316056694e-06,6.226959499144868e-07,0.00017836689949035645,8.370636351173744e-06,1.9528490611264715e-06,3.3384785638190806e-05,2.047083626166568e-06,1.0339268783354782e-06,2.6046805942314677e-05,1.93799201042566e-06,0.999995231628418,2.6848526886169566e-06,4.721896857518004e-06,2.1656492208421696e-06,2.1017992679617237e-08,1.0483172445674427e-05
144-Articuno.png,"Flying,Ice",5.618062277790159e-05,0.0004032552242279053,0.00014719367027282715,1.884792982309591e-05,0.00018006563186645508,0.0001843869686126709,0.00014892220497131348,0.9996873140335083,9.341402619611472e-05,0.0014773309230804443,4.108361463295296e-05,0.9999014139175415,0.00021880865097045898,0.005097687244415283,0.0016157031059265137,0.002133578062057495,0.0014430880546569824,0.003555208444595337
145-Zapdos.png,"Electric,Flying",5.881612014491111e-05,8.272512059193105e-05,0.00021952390670776367,0.9997196197509766,0.0007011294364929199,2.3868965399742592e-06,9.517113539914135e-06,0.9992212653160095,2.9506847567972727e-05,9.335746540273249e-07,5.606645572697744e-05,1.3769807083008345e-05,0.00258636474609375,1.4698800441692583e-05,0.00016376376152038574,0.00021833181381225586,5.493124626809731e-05,0.00016891956329345703
146-Moltres.png,Fire,4.3107702367706224e-06,8.591139339841902e-05,4.234463631291874e-05,4.4033408812538255e-06,3.1234546895575477e-06,1.6338488421752118e-05,1.0,0.22950932383537292,2.113092477884493e-06,1.2939522093802225e-05,5.314430018188432e-05,1.1617355994530953e-05,5.102231739329e-07,3.921059760614298e-05,7.949343853397295e-06,6.104240128479432e-06,6.681342483716435e-07,1.0704501619329676e-05
147-Dratini.png,Dragon,1.2322891507210443e-06,1.0080149195346166e-06,0.9999983906745911,5.9868357311643194e-06,1.5183645700744819e-06,3.8646930988761596e-07,2.042013147729449e-05,0.00013712048530578613,1.3044210618318175e-06,2.25041076191701e-05,0.00018364191055297852,1.6973509673334775e-06,6.325484491753741e-07,7.746255505480804e-06,6.659418431809172e-06,3.6826743325946154e-06,1.3565055269282311e-05,3.562512938515283e-05
148-Dragonair.png,Dragon,6.513328571600141e-06,4.145769707974978e-06,0.9999326467514038,0.0004235208034515381,1.6190406313398853e-05,1.898107075248845e-05,5.599709402304143e-05,0.00041988492012023926,2.1205813027336262e-05,7.48512611608021e-05,1.3215522812970448e-05,3.490177391540783e-07,2.5819360871537356e-06,8.732707647141069e-05,0.00020059943199157715,1.7609316273592412e-05,5.142729787621647e-05,1.1090201041952241e-05
149-Dragonite.png,"Dragon,Flying",4.526996111309245e-09,8.225962346841698e-07,0.9999932050704956,1.0433222996653058e-07,1.0563351082737427e-08,6.8466092670860235e-06,5.839336836288567e-07,0.9999017715454102,3.7398582009018355e-08,1.9053768482990563e-06,3.5105990718875546e-06,4.945358796248911e-06,1.089879333449062e-06,6.731045232299948e-08,1.5123196135391481e-06,1.2786686056642793e-05,3.0704219966537494e-07,1.265692390006734e-06
15-Beedrill.png,"Bug,Poison",0.9983158111572266,3.7249032175168395e-05,0.0005548000335693359,0.0002911686897277832,0.00012701749801635742,0.002661079168319702,0.0005545616149902344,0.0010485649108886719,0.0014268755912780762,0.00024366378784179688,0.00124397873878479,4.937804533255985e-06,8.867462020134553e-05,0.9992594122886658,0.001012653112411499,0.00012499094009399414,0.00011534366058185697,9.263757965527475e-05
150-Mewtwo.png,Psychic,7.76100750954356e-06,6.5524668571015354e-06,0.00019177794456481934,7.742300658719614e-05,0.007007390260696411,2.2343974706018344e-05,0.00013944506645202637,0.0001716017723083496,5.050747404311551e-06,1.0615447536110878e-05,8.813125896267593e-05,7.677314897591714e-06,1.744362452882342e-05,7.089032010298979e-07,0.9998811483383179,0.001457512378692627,7.657794049009681e-05,4.285765498934779e-06
151-Mew.png,Psychic,4.1689694626256824e-05,0.0007956326007843018,0.0001550614833831787,2.424393460387364e-05,0.0010113120079040527,0.0014613866806030273,0.0024784207344055176,0.00032019615173339844,0.00040268898010253906,0.0015638470649719238,0.004767864942550659,0.03219631314277649,0.05612075328826904,0.0004266202449798584,0.9441356062889099,0.0008536577224731445,0.00014126300811767578,0.0027539730072021484
16-Pidgey.png,"Flying,Normal",6.002299414831214e-06,8.952100324677303e-05,2.588865754660219e-05,2.566887269495055e-05,0.00019466876983642578,3.0469986086245626e-05,1.868103936430998e-05,0.9999148845672607,3.739657040569e-05,6.0840120568173006e-05,4.39891082351096e-05,0.0005015134811401367,0.999946117401123,3.945636854041368e-05,4.871802229899913e-05,0.00015944242477416992,1.1950347470701672e-05,9.21261525945738e-05
17-Pidgeotto.png,"Flying,Normal",0.0006777942180633545,0.0001920759677886963,0.0005613565444946289,0.00012823939323425293,0.0005399584770202637,0.00018021464347839355,0.00022035837173461914,0.9932787418365479,0.00016823410987854004,0.00015652179718017578,0.005923449993133545,0.0011096298694610596,0.9997014999389648,0.00024017691612243652,0.0010221600532531738,0.0015490055084228516,5.2102081099292263e-05,0.0001443028450012207
18-Pidgeot.png,"Flying,Normal",4.554837505565956e-05,5.307338869897649e-05,7.34100176487118e-05,4.1672919905977324e-05,0.00010238391405437142,6.760467658750713e-05,3.046356505365111e-05,0.9991230964660645,3.684239345602691e-05,0.00018638372421264648,0.00035691261291503906,0.0005385875701904297,0.9997618198394775,4.732746310764924e-05,0.0005485713481903076,0.0005723237991333008,2.1498935893760063e-05,2.403004327788949e-05
19-Rattata.png,Normal,1.843959034886211e-05,5.9931793657597154e-05,8.0529189290246e-06,8.595433610025793e-05,4.3308107706252486e-05,6.590888369828463e-05,4.142021498410031e-05,0.00010753026435850188,0.00014674663543701172,3.41835584549699e-05,0.0002504289150238037,1.1380005162209272e-05,0.999772310256958,0.001401454210281372,1.1733924111467786e-05,6.117011071182787e-05,2.728267190832412e-06,0.0003529191017150879
2-Ivysaur.png,"Grass,Poison",1.8844675651052967e-05,1.245311250386294e-05,3.109008503088262e-06,3.0123415854177438e-05,1.9933854673581664e-06,9.718891305965371e-06,4.752631411975017e-06,5.971513928670902e-06,2.7652213248074986e-05,0.9999975562095642,1.3388432762440061e-06,3.023517274414189e-05,1.5145133147598244e-06,0.999963641166687,1.0743211532826535e-05,4.554344741336536e-06,8.145765377776115e-07,5.015424903831445e-06
20-Raticate.png,Normal,1.265944229089655e-05,4.262641141394852e-06,8.84262533418223e-07,1.4103946341492701e-05,3.1085506634553894e-05,7.673431537114084e-05,8.801467629382387e-05,1.8257398551213555e-05,8.009040357137565e-06,2.342677134947735e-06,0.0001015442467178218,5.877190687897382e-06,0.9998818039894104,0.0002459585666656494,2.901252173614921e-06,2.3274785689864075e-06,6.957452569622546e-08,6.776220743631711e-06
21-Spearow.png,"Flying,Normal",1.2227985735080438e-06,3.265406485297717e-05,2.667160879354924e-05,1.3176610082155094e-05,1.6624786439933814e-05,7.1099907472671475e-06,1.2748222616210114e-05,0.9999964237213135,4.654533313441789e-06,4.81507413496729e-06,6.218031558091752e-06,5.969028643448837e-05,0.9999533295631409,6.7980404310219456e-06,1.4011201528774109e-05,7.658473623450845e-05,1.5657545873182244e-06,8.46459897729801e-06
22-Fearow.png,"Flying,Normal",6.445662438636646e-05,8.519885886926204e-05,1.9334534954396077e-05,9.342614066554233e-05,8.63697932800278e-05,1.290917589358287e-05,3.4601151128299534e-05,0.9998562932014465,6.303901318460703e-05,3.478985308902338e-05,8.039126259973273e-05,0.0008705258369445801,0.9998941421508789,0.00020328164100646973,0.0001634061336517334,0.0005057156085968018,1.1233552868361585e-05,3.596015812945552e-05
23-Ekans.png,Poison,0.0002574920654296875,8.28464976621035e-08,2.9927412015240407e-07,2.003887630053214e-06,1.7512314798295847e-07,4.5149110405873216e-07,1.1599282743190997e-06,1.4315629925931717e-07,3.60542799171526e-05,3.0927023999538505e-06,2.5348152121296152e-05,2.7111459743878186e-08,1.9249084743933054e-06,0.9999949932098389,7.404866551041778e-07,2.6504534389459877e-07,2.1428203211826258e-08,0.0002219080924987793
24-Arbok.png,Poison,1.697345396678429e-05,1.7326143279206008e-05,1.7592512449482456e-05,1.9041525547436322e-06,7.151714953579358e-07,9.206501999869943e-05,4.606125003192574e-05,3.744085552170873e-05,0.0001608133316040039,0.00023826956748962402,0.00044101476669311523,6.842947186669335e-06,2.716203198360745e-06,0.9999586343765259,0.00010785285121528432,5.9640810832206625e-06,4.773282853420824e-07,0.00010687390749808401
25-Pikachu.png,Electric,7.726806870778091e-06,5.012498149881139e-06,6.668658897979185e-06,0.9999856948852539,0.00038254261016845703,1.4557593885911047e-07,4.169062776782084e-06,1.8898164853453636e-05,6.369292532326654e-05,9.828479505813448e-07,1.7211405065609142e-05,2.8843298878200585e-06,3.589676634874195e-05,3.525141073623672e-05,4.511289262154605e-06,8.863039511197712e-07,0.0005710721015930176,4.0058879676507786e-05
26-Raichu.png,Electric,1.6272681023110636e-05,1.5340240224759327e-06,4.1175986552843824e-05,0.9999469518661499,3.3820026146713644e-05,2.4464448244998493e-08,1.4189075045578647e-05,5.555740062845871e-05,1.4557580470864195e-05,7.462850817319122e-07,3.036669795619673e-06,2.0667989986122848e-07,5.527893154066987e-05,7.864347935537808e-06,1.2206186283947318e-06,4.6263980379990244e-07,0.00018021464347839355,3.379175177542493e-05
27-Sandshrew.png,Ground,3.455672867858084e-07,2.830687208188465e-06,5.182961103855632e-05,4.087155048182467e-06,3.1120252970140427e-06,8.266420081781689e-06,4.4758176954928786e-05,1.0478453987161629e-05,1.0105416095029796e-06,3.080999135818274e-07,0.9999457597732544,1.6153984461197979e-06,3.981219924753532e-05,0.00010807288344949484,0.00017210841178894043,5.439472079160623e-05,2.75463639809459e-06,9.974286513170227e-06
28-Sandslash.png,Ground,2.9900795084358833e-07,2.303345809195889e-06,2.8656077120103873e-05,2.4628573100926587e-06,1.8046860361664585e-07,2.0480795228650095e-06,5.910930849495344e-05,1.373414079353097e-06,4.5979660967532254e-07,7.64735034408659e-07,0.9999891519546509,7.919697054603603e-06,4.988223167856631e-07,3.244017352699302e-05,1.583481025591027e-05,6.907557235535933e-06,9.489607691648416e-06,3.79373261694127e-07
29-Nidoran_F.png,Poison,0.0008250176906585693,7.320314762182534e-05,5.669744132319465e-05,8.37604675325565e-05,0.00021654367446899414,2.7074966055806726e-05,6.040023436071351e-05,0.00028523802757263184,0.00034487247467041016,0.00026601552963256836,0.0011520981788635254,0.0005315542221069336,0.055869340896606445,0.9332122802734375,2.0641202354454435e-05,6.218604539753869e-05,4.602362241712399e-05,0.00035884976387023926
3-Venusaur.png,"Grass,Poison",0.00010190221655648202,4.4639542466029525e-05,2.681169644347392e-05,3.475090579740936e-06,8.634413461550139e-06,2.946228050859645e-05,1.8540718883741647e-05,0.00015819072723388672,0.00013086199760437012,0.9999930262565613,2.4977118300739676e-05,0.00016176700592041016,1.771173265296966e-05,0.9999039173126221,2.377601049374789e-05,3.143630601698533e-05,2.7679930099111516e-06,2.5637167709646747e-05
30-Nidorina.png,Poison,2.4468663468724117e-05,8.451419489574619e-06,2.6341460852563614e-06,7.530193215643521e-06,1.6934551240410656e-05,7.3607598096714355e-06,7.382863259408623e-06,4.027359864267055e-06,0.0002021193504333496,0.00040271878242492676,0.0003103911876678467,1.1972580978181213e-05,2.1468491468112916e-05,0.9999927282333374,2.64367417912581e-06,1.4429305110752466e-06,2.4891264729376417e-06,3.183654916938394e-05
31-Nidoqueen.png,"Ground,Poison",2.907837915699929e-05,2.9718767109443434e-05,8.968464680947363e-05,4.021153927169507e-06,2.0285524442442693e-05,1.2764219718519598e-05,2.5256073058699258e-05,8.505633559252601e-06,6.080271123209968e-05,7.053731678752229e-06,0.9992810487747192,2.165288788091857e-05,5.949194746790454e-05,0.9998812675476074,6.978508463362232e-05,0.0001551210880279541,8.103023901639972e-06,2.777301961032208e-05
32-Nidoran.png,Poison,0.0002961158752441406,2.2076994810049655e-06,6.636610123678111e-07,2.5813476440816885e-06,7.6007627285434864e-06,3.817167907982366e-06,6.284977189352503e-06,6.529956590384245e-05,0.0004343390464782715,0.00034558773040771484,2.784989646897884e-06,2.0412597223185003e-05,0.00011937220551772043,0.9999943971633911,4.989626631868305e-07,1.1521239002831862e-06,6.078989258639922e-07,2.5885633476718795e-06
33-Nidorino.png,Poison,0.0001461505889892578,4.770104624185478e-06,1.7385721093887696e-06,3.671025751827983e-06,9.910654625855386e-06,3.7961196994729107e-06,1.8560533135314472e-05,5.5646592954872176e-05,0.0002969503402709961,0.0004367530345916748,5.6820150348357856e-05,1.5311630704673007e-05,1.172719021269586e-05,0.9999973177909851,1.698931555438321e-06,2.6610796339809895e-06,9.960764373317943e-07,9.274559715777286e-07
34-Nidoking.png,"Ground,Poison",4.593583435053006e-05,0.00022807717323303223,0.00041878223419189453,8.241922841989435e-06,4.831721071241191e-06,7.664099393878132e-05,1.2505906852311455e-05,7.123079558368772e-05,0.0020834505558013916,9.992490959120914e-06,0.9990705251693726,1.7229405784746632e-05,3.0373867048183456e-05,0.9927917718887329,2.6268724468536675e-05,0.08684015274047852,2.4858469259925187e-05,0.00011236911814194173
35-Clefairy.png,Fairy,1.9530270947143435e-05,1.021237380882667e-06,1.8429094780003652e-05,0.00010585972631815821,0.9999189376831055,2.3411193978972733e-05,3.206027759006247e-05,1.1455916819613776e-06,1.2248755410837475e-05,1.1397904017940164e-05,3.010710315720644e-05,9.520926141703967e-06,0.0001239478588104248,5.833064278704114e-05,9.758451051311567e-05,1.2516549759311602e-05,2.6205318135907874e-05,7.603789526910987e-07
36-Clefable.png,Fairy,2.108734179273597e-06,8.470848911201756e-08,2.1798678062623367e-06,1.3254195437184535e-05,0.9999825954437256,7.214993820525706e-05,2.0158252027613344e-06,1.6482972853282263e-07,1.0514495443203487e-06,2.926365709754464e-07,8.959543265518732e-06,1.0688022484828252e-06,2.5253182684537023e-05,1.871904231620647e-07,2.019027670030482e-05,3.3200935831700917e-06,5.0593962441780604e-06,1.7142374986178766e-07
37-Vulpix.png,Fire,3.244670369895175e-05,0.00013315677642822266,0.00014165043830871582,0.00038561224937438965,3.231154551031068e-05,0.00010023525101132691,0.9999600648880005,2.7315854822518304e-05,2.423160140097025e-06,0.00012266752310097218,0.0005689859390258789,0.00011011334572685882,8.901191904442385e-05,3.0587023502448574e-05,6.648202543146908e-05,2.078605757560581e-05,4.661178536480293e-06,0.0004005134105682373
38-Ninetales.png,Fire,0.00022611021995544434,5.649800004903227e-05,1.2728457477351185e-05,6.173024303279817e-05,6.457928066083696e-06,2.378730641794391e-05,0.999538004398346,1.974067163246218e-05,1.7273686125918175e-06,0.0009701550006866455,0.0004194676876068115,4.826116764888866e-06,0.003945350646972656,0.0001423954963684082,6.681795639451593e-05,7.812287367414683e-05,1.3104670415486908e-06,5.377477009460563e-06
39-Jigglypuff.png,"Fairy,Normal",0.00045803189277648926,8.352506847586483e-05,0.00065574049949646,0.00031369924545288086,0.9942350387573242,0.00019374489784240723,0.00013044476509094238,0.0009042322635650635,0.0001519918441772461,0.0014564990997314453,0.00011091920168837532,0.00010831556573975831,0.9980707168579102,0.0007731020450592041,0.0005421936511993408,0.0002263486385345459,0.0001354217529296875,0.0008372664451599121
4-Charmander.png,Fire,3.4830966342269676e-06,3.58393372152932e-05,5.93117147218436e-06,0.00021585822105407715,2.9034222279733513e-06,9.276771743316203e-05,0.9999424815177917,7.085716788424179e-06,3.04036291254306e-07,9.2182790467632e-06,3.390243728063069e-05,0.00011440731032053009,8.500597687088884e-06,3.7974232327542268e-06,0.0003666877746582031,5.994185130475671e-07,7.376863209174189e-07,9.553000563755631e-05
40-Wigglytuff.png,"Fairy,Normal",8.17248201201437e-06,1.245080170519941e-06,2.7263777155894786e-05,3.0873302421241533e-06,0.9994758367538452,1.7249445591005497e-05,5.008083462598734e-06,3.630778519436717e-05,3.603820914577227e-06,1.8089956938638352e-05,2.273905238325824e-06,1.9276878902019234e-06,0.999943733215332,1.1339023330947384e-05,2.009968284255592e-06,7.247785447361821e-07,1.0721374792410643e-06,3.833407333786454e-07
41-Zubat.png,"Flying,Poison",5.167579274711898e-06,3.6887183796352474e-07,1.7624250176595524e-05,1.765656776342439e-07,9.090837806979835e-07,1.5610266927978955e-06,9.45125884754816e-06,0.9998971223831177,6.700380254187621e-06,7.299456774489954e-05,2.297650553373387e-06,1.950237128767185e-05,6.368068625306478e-06,0.9999879598617554,1.116916973842308e-05,0.0005168616771697998,1.7279229780342575e-07,1.6218353948715958e-06
42-Golbat.png,"Flying,Poison",6.00390831095865e-06,3.3816071720593754e-08,3.7435909234773135e-06,7.926708178729314e-08,1.2591375764259283e-07,3.255932767842751e-08,6.643737378908554e-06,0.9999991655349731,1.375550709781237e-06,3.5046662105742143e-07,3.5863371294908575e-07,8.208726285374723e-06,4.78547065085877e-07,0.999987006187439,9.532978424431349e-07,0.001995861530303955,2.2761483364774904e-08,4.80519531720347e-07
43-Oddish.png,"Grass,Poison",8.556095417588949e-05,2.5711406124173664e-05,3.7331254134187475e-05,1.575163878442254e-05,1.324662662227638e-05,1.593483830220066e-05,8.232986874645576e-05,8.855900523485616e-05,4.499343049246818e-05,0.9999499320983887,9.334673450211994e-06,4.0785052988212556e-05,3.995123279310064e-06,0.9998992085456848,9.207924449583516e-05,1.985253402381204e-05,2.8327476684353314e-06,3.290468157501891e-05
44-Gloom.png,"Grass,Poison",5.2217787015251815e-05,0.00010440534970257431,8.485593571094796e-05,3.0342513127834536e-05,4.188352977507748e-05,5.785695611848496e-05,3.066386852879077e-05,0.0005188286304473877,0.0005018413066864014,0.9999017715454102,5.458121813717298e-05,0.000101492740213871,9.527961810817942e-05,0.9999491572380066,0.0004271566867828369,9.878622950054705e-05,1.0227144230157137e-05,9.26778739085421e-05
45-Vileplume.png,"Grass,Poison",0.00018846988677978516,0.0002320706844329834,0.00024521350860595703,0.0004957020282745361,2.8462998670875095e-05,2.4595114155090414e-05,5.1470673497533426e-05,0.0007984042167663574,0.001168668270111084,0.9997175931930542,0.00027945637702941895,0.00013461709022521973,0.000116561925096903,0.9997920989990234,0.00014090538024902344,0.00034239888191223145,3.4210006560897455e-05,0.0002944469451904297
46-Paras.png,"Bug,Grass",0.9999496340751648,5.078170943306759e-06,4.246581738698296e-06,1.5358707969426177e-05,9.286012937081978e-05,8.838692338031251e-06,5.049259016232099e-06,0.00017586350440979004,1.9438300569163403e-06,0.9994718432426453,3.3077490115829278e-06,1.319015154876979e-05,1.4399111933016684e-05,1.9924589651054703e-05,2.0838873751927167e-05,0.0006696581840515137,0.00011000660015270114,4.91234732180601e-06
47-Parasect.png,"Bug,Grass",0.9903450012207031,0.00017791986465454102,0.0001063501913449727,0.00032213330268859863,0.00027629733085632324,0.0002149343490600586,0.0003159046173095703,0.00032022595405578613,8.338539191754535e-05,0.9997917413711548,0.00031048059463500977,0.0004845261573791504,9.44467683439143e-05,0.007159203290939331,0.0008804798126220703,0.007308691740036011,0.0005587935447692871,0.0010969340801239014
48-Venonat.png,"Bug,Poison",0.9995659589767456,2.336082161491504e-06,1.317349415330682e-05,1.8644242345544626e-06,4.922749212710187e-06,0.00026485323905944824,1.1084681318607181e-05,0.0003008246421813965,8.90083538251929e-05,1.8015169189311564e-05,5.2901828894391656e-05,1.5274525821951102e-07,1.7060308891814202e-05,0.999899685382843,3.069881813644315e-06,3.606265181588242e-06,6.685186235699803e-07,0.00019615888595581055
49-Venomoth.png,"Bug,Poison",0.9972033500671387,2.293445049872389e-06,4.931768853566609e-05,5.9965041145915166e-06,3.6899409678881057e-06,4.488675403990783e-05,0.0001984238624572754,2.9371525670285337e-05,6.940100865904242e-05,2.0161818611086346e-05,0.0002847015857696533,2.254460923722945e-06,1.2231642358528916e-05,0.9999351501464844,2.410985871392768e-05,3.888186620315537e-05,2.512721721359412e-06,3.127897798549384e-05
5-Charmeleon.png,Fire,2.1404481231002137e-05,9.448063792660832e-05,4.3760123844549526e-06,8.58671628520824e-05,2.6807949780049967e-06,0.0003071725368499756,0.9999896883964539,0.0001926720142364502,6.786124799873505e-07,1.9932731447624974e-06,0.00011105606245109811,5.064665310783312e-05,5.42727684660349e-06,4.320013431424741e-06,0.00042498111724853516,3.7001284454163397e-06,1.3732726529269712e-06,1.0459365512360819e-05
50-Diglett.png,Ground,1.3840406154486118e-06,5.967813194729388e-06,3.709666634676978e-05,6.157489451652509e-07,3.96998188989528e-07,1.5689840438426472e-05,6.585004484804813e-06,2.1541161459026625e-06,8.299572982650716e-06,4.218260585275857e-07,0.9999837875366211,3.9756538171786815e-05,5.425233212008607e-06,3.1538344046566635e-05,1.5508438082179055e-05,0.00221407413482666,1.2024495845253114e-05,2.285457230755128e-05
51-Dugtrio.png,Ground,1.7758887338459317e-07,1.2952664292242844e-06,1.796860306058079e-05,3.4969141893270717e-07,3.7470410774176344e-08,2.4882423531380482e-05,1.162439275503857e-05,1.3205877849031822e-06,1.4516080000248621e-06,1.007282151022082e-07,0.9999966621398926,4.118739525438286e-06,1.2138347074142075e-06,2.5897967134369537e-05,2.3549569050373975e-06,3.996081795776263e-05,1.2575912933243671e-06,4.152329893258866e-06
52-Meowth.png,Normal,0.0012236833572387695,0.00026172399520874023,3.3492287911940366e-05,0.00017306208610534668,0.0021702349185943604,0.0034678280353546143,8.653510303702205e-05,0.02183285355567932,0.0001742839813232422,0.001025170087814331,0.00027382373809814453,2.452915214234963e-05,0.9973618388175964,0.00020387768745422363,0.00027698278427124023,0.000500798225402832,3.139547334285453e-05,0.003060370683670044
53-Persian.png,Normal,3.717383515322581e-05,5.6603545090183616e-05,5.9431131376186386e-06,0.0010513067245483398,0.0012451708316802979,0.0002707242965698242,0.00033479928970336914,0.00010057114559458569,3.005566577485297e-05,4.4816220906795934e-05,6.10984570812434e-05,2.7623495952866506e-06,0.999394953250885,2.0587158360285684e-05,4.164824713370763e-05,6.679476064164191e-05,2.452347871439997e-06,5.77011815039441e-05
54-Psyduck.png,Water,0.00023445487022399902,0.001036614179611206,0.000459522008895874,0.008844763040542603,0.00018259882926940918,0.001897275447845459,0.047907888889312744,0.0017857849597930908,0.00035563111305236816,0.00017139315605163574,0.004933476448059082,0.0014056265354156494,0.006403714418411255,0.0007918775081634521,0.0015649497509002686,0.00029405951499938965,6.134999421192333e-05,0.7200719714164734
55-Golduck.png,Water,3.575473965611309e-05,0.0005554258823394775,0.00040784478187561035,0.0008082985877990723,2.0955059881089255e-05,4.6468223445117474e-05,0.00014543533325195312,0.0018446743488311768,0.00045114755630493164,2.371651862631552e-05,0.0019392073154449463,0.002635478973388672,8.558294211979955e-06,0.0011320114135742188,0.00012093516124878079,0.015095710754394531,5.142739610164426e-05,0.9997307062149048
56-Mankey.png,Fighting,9.052016139321495e-06,0.00016984343528747559,7.35571438781335e-06,1.0715231155700167e-06,3.5490604204824194e-05,0.9999635815620422,0.00016203522682189941,3.3563654142199084e-05,2.4941486117313616e-05,1.1111861567769665e-05,3.833901428151876e-05,5.078132289781934e-06,6.705372470605653e-06,8.120758866425604e-05,1.4189981811796315e-05,3.409262717468664e-05,5.579210665018763e-06,2.0395433239173144e-05
57-Primeape.png,Fighting,1.688135671429336e-05,5.085699967821711e-07,8.330967204983608e-08,1.060777563566262e-07,2.291147438882035e-06,0.9999667406082153,0.00032785534858703613,4.600711918101297e-07,1.1538551092371563e-07,2.5896014221871155e-07,1.8342502698942553e-06,2.6974594220519066e-06,9.052585170366001e-08,3.56843111148919e-06,1.0679356421405828e-07,1.9117919691780116e-07,2.053369826171547e-06,8.149934728862718e-06
58-Growlithe.png,Fire,2.5010369427036494e-05,4.417037416715175e-05,9.42529095482314e-06,6.146005944174249e-06,8.576269465265796e-06,0.0009449124336242676,0.9999905824661255,8.588415767007973e-06,2.2340245209306886e-07,2.261115332657937e-05,9.581549966242164e-05,2.9879047360736877e-05,2.965551902889274e-05,3.119596613032627e-06,4.608324161381461e-06,1.6028670870582573e-06,6.116555937296653e-07,9.464400136494078e-06
59-Arcanine.png,Fire,3.0563683139916975e-06,3.867179657390807e-06,1.4852058711767313e-06,0.005574852228164673,1.2865195913036587e-06,4.016361344838515e-05,0.9998854994773865,1.3190893696446437e-05,1.2383733860588109e-07,3.245449988753535e-07,5.786316251032986e-06,9.567953611622215e-07,2.0839161152252927e-06,1.5870753031776985e-06,3.9598444345756434e-07,1.0437163666665583e-07,4.1347550450154813e-07,1.0819239832926542e-06
6-Charizard.png,"Fire,Flying",2.59864123108855e-07,1.9585237168939784e-05,0.0001646578311920166,7.067100682434102e-07,4.971287808075431e-07,1.263343892787816e-05,0.9999991655349731,0.9950004816055298,7.025300163832071e-08,3.7825876120223256e-07,1.4720024410053156e-05,1.2738159966829699e-05,6.20064270151488e-07,8.314581236845697e-07,3.243189894419629e-06,4.39523282693699e-05,1.1939160060592258e-07,2.2095678104960825e-06
60-Poliwag.png,Water,1.9637980585685e-05,2.146333281416446e-05,2.0215440599713475e-05,4.5109605707693845e-05,5.9982653510815e-06,0.0002925693988800049,3.190855568391271e-05,7.600008757435717e-06,2.762792064459063e-06,7.963396456034388e-06,3.0008008252480067e-05,2.023061824729666e-05,3.424918031669222e-05,0.0005823671817779541,4.0322771383216605e-05,0.0004108548164367676,2.568450781836873e-06,0.9999804496765137
61-Poliwhirl.png,Water,1.2426964531186968e-05,1.2606167729245499e-05,1.2683562090387568e-05,2.71660592261469e-05,6.66322375764139e-06,0.00039640069007873535,3.911781823262572e-05,0.00011156059917993844,2.2031122171028983e-06,2.3974498617462814e-06,1.3070503882772755e-05,0.00019180774688720703,0.001738816499710083,2.0151881471974775e-05,7.68893223721534e-05,0.000232011079788208,4.864710717811249e-06,0.999955415725708
62-Poliwrath.png,"Fighting,Water",5.464147761813365e-05,0.0013696253299713135,0.0001271963119506836,0.00013449788093566895,4.9274342018179595e-05,0.9843893051147461,0.010212749242782593,5.410422454588115e-05,3.0507755582220852e-05,0.0002186596393585205,0.00012922286987304688,5.390819569583982e-05,0.0005827546119689941,0.00012119470193283632,0.00018468499183654785,0.00102311372756958,3.1261981348507106e-05,0.9977254867553711
63-Abra.png,Psychic,5.467105523848659e-08,4.194028520032589e-07,5.509288030225434e-07,5.078708298356105e-08,5.0950234253832605e-06,1.8359225578024052e-05,2.8311393407420837e-07,1.3014686146561871e-06,8.210404871533683e-07,1.9012783241123543e-06,0.0001971423625946045,4.3264908526907675e-06,5.271719487609516e-07,4.396140411699889e-06,0.9999963045120239,8.314586011692882e-06,3.98365045839455e-07,8.30339649837697e-06
64-Kadabra.png,Psychic,1.1232801711003049e-07,5.7642137107905e-06,1.41137952596182e-05,1.1601600817812141e-05,8.117657671391498e-06,1.4679503692605067e-06,1.3619828678201884e-06,3.351882241986459e-06,2.530781421228312e-05,6.100427981436951e-06,0.0005897879600524902,3.293469490017742e-05,7.154238801376778e-07,0.00013110041618347168,0.9999409914016724,3.56049531546887e-05,2.7657777536660433e-05,1.8597980897538946e-06
65-Alakazam.png,Psychic,7.665269367862493e-05,0.00021132826805114746,0.0006702542304992676,0.0003726482391357422,0.0005937516689300537,0.00035253167152404785,0.0009338259696960449,0.0004912912845611572,0.00010561992530710995,1.82753756234888e-05,0.000960618257522583,6.235030014067888e-05,9.048317588167265e-05,2.5484958314336836e-05,0.9996633529663086,0.0008130967617034912,0.0001882612705230713,0.0046212077140808105
66-Machop.png,Fighting,2.9928212825325318e-05,0.00018733739852905273,6.962606857996434e-05,1.202855673909653e-05,4.834996070712805e-05,0.9935523867607117,0.00015175342559814453,3.181017382303253e-05,5.420642992248759e-05,0.00034731626510620117,0.0002662539482116699,0.00032952427864074707,0.00042054057121276855,0.00048041343688964844,0.000354766845703125,2.2326934413285926e-05,0.0001944899559020996,0.0006227791309356689
67-Machoke.png,Fighting,1.9914958102162927e-05,0.0001647472381591797,9.0287803686806e-06,6.450898581533693e-06,1.972038808162324e-05,0.9999235272407532,0.00024110078811645508,6.215865141712129e-05,4.933904710924253e-05,2.2828648070571944e-05,0.0005068778991699219,4.414154773257906e-06,7.629234460182488e-05,1.0659312465577386e-05,1.359895304631209e-05,0.00012091785902157426,0.00024890899658203125,4.634695756067231e-07
68-Machamp.png,Fighting,3.3738313049980206e-06,2.9217479095677845e-05,2.1295998521964066e-05,1.1378322597010992e-05,1.3226094779383857e-06,0.9999915361404419,2.889661664084997e-05,5.7945249864133075e-05,1.256916334568814e-06,1.141910388469114e-06,6.863668886580854e-07,2.488675221457015e-08,1.1841483683383558e-05,1.0606035516502743e-07,3.712159696078743e-06,3.495085366012063e-06,4.502145748119801e-05,1.3072435933736415e-07
69-Bellsprout.png,"Grass,Poison",0.00011407642887206748,3.3474834708613344e-06,5.905884790990967e-06,5.042065367888426e-06,3.2432269563287264e-06,7.438412012561457e-06,3.1603422030457295e-06,1.0115487384609878e-05,1.2259015420568176e-05,0.9999875426292419,1.4662462035630597e-06,7.061303676891839e-06,8.99883559668524e-07,0.999992311000824,5.444802445708774e-05,1.708793206489645e-06,4.343670525486232e-07,2.7600599423749372e-05
7-Squirtle.png,Water,4.475390596780926e-05,9.270563054997183e-07,1.9288722796773072e-06,1.7371210958572192e-07,2.653641558936215e-06,8.541591523680836e-05,8.092539474091609e-07,8.060894288064446e-06,9.86453372320284e-08,2.3896787752164528e-05,5.477117883856408e-05,2.2411582904169336e-05,1.3241801752883475e-05,0.0008647143840789795,2.041421248577535e-05,0.00021284818649291992,2.5155353000627656e-07,0.9999927878379822
70-Weepinbell.png,"Grass,Poison",0.00046515464782714844,1.219009209307842e-05,1.3340733858058229e-05,3.2547020964557305e-05,1.1000926861015614e-05,1.4247177205106709e-05,4.1302824683953077e-05,4.355623786977958e-06,2.813021455949638e-05,0.9998323321342468,8.952001735451631e-06,9.31957947614137e-06,1.7482661860412918e-05,0.999754786491394,4.720913420896977e-05,6.680524165858515e-06,3.2514492431801045e-06,9.135544678429142e-05
71-Victreebel.png,"Grass,Poison",9.787003364181146e-06,1.8954143570226734e-06,2.840511569957016e-06,1.08749031824118e-06,6.643708729825448e-07,2.43365343521873e-06,2.15498948819004e-06,1.2691039955825545e-05,1.2702324966085143e-05,0.9999969005584717,6.270252583817637e-07,1.5891032489889767e-06,8.606440928815573e-07,0.9999978542327881,1.7836345023169997e-06,3.753226565095247e-07,4.403537801067614e-08,1.8406954040983692e-06
72-Tentacool.png,"Poison,Water",0.016940057277679443,0.00015541911125183105,0.0003764033317565918,1.5036240256449673e-05,0.00012961030006408691,0.0007083714008331299,0.0004884600639343262,2.424659214739222e-05,0.0002034008502960205,0.002504497766494751,0.0015447139739990234,0.00016111135482788086,2.796387161652092e-05,0.9986287355422974,0.00021761655807495117,7.829061360098422e-05,4.494027507462306e-06,0.9878953099250793
73-Tentacruel.png,"Poison,Water",1.2919607797812205e-05,1.693363083177246e-05,8.31560100778006e-06,1.0219334001249081e-07,1.6330660628227633e-06,4.947352135786787e-05,9.695691005617846e-06,9.187806426780298e-06,6.036936611053534e-05,3.615858076955192e-05,3.048065264010802e-05,8.297424938064069e-05,1.7483961300968076e-07,0.9996494054794312,6.916799065947998e-06,0.00012182288628537208,6.768082982944179e-08,0.9998547434806824
74-Geodude.png,"Ground,Rock",0.0017732083797454834,0.0016871392726898193,0.0007432401180267334,0.000225067138671875,0.0005487501621246338,0.000560462474822998,0.00012859702110290527,0.05493929982185364,0.001205742359161377,6.890473741805181e-05,0.96647709608078,0.006966680288314819,0.011298894882202148,0.0009699463844299316,0.002155214548110962,0.9996157884597778,0.001672983169555664,0.00511595606803894
75-Graveler.png,"Ground,Rock",1.4205701518221758e-05,0.0062711238861083984,0.00026741623878479004,0.00020495057106018066,5.901665281271562e-05,0.0007702112197875977,0.00013491511344909668,0.00011404151155147702,0.010217785835266113,0.002161383628845215,0.9941349029541016,5.369495556806214e-05,0.0034756362438201904,0.0020231306552886963,6.146664964035153e-05,0.9990662336349487,5.304379010340199e-05,4.5885615691076964e-05
76-Golem.png,"Ground,Rock",8.649937808513641e-05,0.00010083111556014046,0.0003381669521331787,1.9424411220825277e-05,1.963979593710974e-05,1.3488172044162638e-05,1.6931597201619297e-05,5.5497563153039664e-05,0.00012749433517456055,6.35580436210148e-05,0.9999871253967285,8.948344475356862e-05,0.0009395778179168701,3.6489473131950945e-05,8.329915726790205e-05,0.9998793601989746,0.0003164708614349365,0.00023406744003295898
77-Ponyta.png,Fire,5.441609687295568e-07,3.077671863138676e-05,2.425545062578749e-05,7.625342277606251e-07,2.1442615434352774e-06,1.3528390809369739e-05,0.9999957084655762,0.00021210312843322754,3.583922989491839e-07,3.708027179527562e-06,0.00020676851272583008,4.689240995503496e-06,2.0257357391528785e-05,3.950011659981101e-07,4.4863903895020485e-05,2.344968152101501e-06,7.777114063856061e-08,1.0244973509543343e-06
78-Rapidash.png,Fire,1.390455145156011e-05,0.0002484917640686035,2.010320167755708e-05,4.242861450620694e-06,4.415733656060183e-06,0.00021383166313171387,0.9999934434890747,0.00047022104263305664,1.3355645478441147e-06,2.537870386731811e-05,0.00017973780632019043,2.8190102966618724e-05,2.6932733817375265e-05,5.012352630728856e-05,1.3955125723441597e-05,9.005540778161958e-05,2.0083684830751736e-06,3.8797748857177794e-05
79-Slowpoke.png,"Psychic,Water",4.5243095883051865e-06,5.244598469289485e-06,1.2936671737406868e-05,4.0907329093897715e-05,0.00039514899253845215,1.1904575330845546e-05,3.5766659038927173e-06,5.5432552471756935e-05,3.8483321986859664e-06,3.8825804949738085e-05,1.6113188394228928e-05,3.572661807993427e-05,0.0003377199172973633,6.239535650820471e-06,0.9999581575393677,0.00019696354866027832,1.6602922187303193e-05,0.999764084815979
8-Wartortle.png,Water,3.816027310676873e-05,1.0090980140375905e-06,5.033897650719155e-06,7.694803571212105e-06,8.954521035775542e-06,4.886191618425073e-06,3.5369572515264736e-07,1.4466639186139219e-05,4.003073001968005e-07,5.629037332255393e-06,1.767535286489874e-05,4.944210741086863e-05,3.6151632230030373e-06,8.720748155610636e-05,2.019638122874312e-05,0.00010189570457441732,2.542888978496194e-06,0.9999983310699463
80-Slowbro.png,"Psychic,Water",9.553100971970707e-05,3.0955074180383235e-05,0.00010426346125314012,0.0005989968776702881,0.0014236271381378174,1.464106208004523e-05,8.071810043475125e-06,0.0003573000431060791,4.84927004436031e-05,0.00011066540901083499,0.00010542158270254731,4.783372423844412e-05,0.0047612786293029785,5.253005656413734e-05,0.9998735189437866,0.0006766319274902344,0.00012496113777160645,0.9997014999389648
81-Magnemite.png,"Electric,Steel",8.111578790703788e-05,3.849220320262248e-06,0.0001939833164215088,0.9997250437736511,7.804073538864031e-05,3.426801413297653e-06,5.95458413954475e-06,4.487909245654009e-05,0.0007681846618652344,2.5983649720728863e-06,9.361012780573219e-05,3.0040793717489578e-05,8.259429705503862e-06,9.038567441166379e-06,8.420931408181787e-05,2.022425178438425e-05,0.9998135566711426,1.1555014680197928e-05
82-Magneton.png,"Electric,Steel",0.0002842843532562256,3.82289499611943e-06,7.72865314502269e-05,0.9998773336410522,0.00016239285469055176,0.00011451188038336113,9.141893315245397e-06,5.143102680449374e-05,0.00028261542320251465,2.915232107625343e-05,6.911922537256032e-05,8.843612158671021e-05,5.5188984333653934e-06,8.221955067710951e-05,9.006125037558377e-05,6.226582627277821e-06,0.9997175335884094,0.00013566017150878906
83-Farfetchd.png,"Flying,Normal",0.0001812577247619629,1.8740156519925222e-05,5.999807399348356e-05,8.473851630697027e-05,0.00012579560279846191,2.4020237106014974e-05,3.3924993658729363e-06,0.9997581839561462,8.605903531133663e-06,1.4687086149933748e-05,7.041812204988673e-05,2.7040001441491768e-05,0.9999051690101624,6.2758072090218775e-06,2.158894858439453e-05,0.00023812055587768555,1.9672244889079593e-05,0.0002205371856689453
84-Doduo.png,"Flying,Normal",0.00010220967669738457,8.80557345226407e-05,0.00017270445823669434,0.003945440053939819,0.0003033876419067383,1.9904589862562716e-05,0.00013768672943115234,0.9996957182884216,3.567558451322839e-05,4.8524063458899036e-05,0.00011914133210666478,1.6682057321304455e-05,0.9997748136520386,6.140472396509722e-05,6.892057717777789e-05,0.00011125301534775645,2.8914369977428578e-05,3.09580827888567e-05
85-Dodrio.png,"Flying,Normal",2.886331822082866e-05,4.203101707389578e-05,5.301667988533154e-05,6.46279877400957e-05,2.0529692847048864e-05,7.230295068438863e-06,0.00010804722114698961,0.9999613761901855,2.162399687222205e-05,0.0006117522716522217,1.5031222574179992e-05,2.4286397092510015e-05,0.9989813566207886,0.0006268918514251709,2.5890831238939427e-05,6.766266596969217e-05,3.7007989703852218e-06,1.7245531125809066e-05
86-Seel.png,Water,4.8083584260893986e-05,1.7117446986958385e-05,6.104761268943548e-05,0.0002529919147491455,8.392786185140721e-06,2.598108767415397e-05,9.642223449191079e-05,4.920559513266198e-05,3.5674511309480295e-06,2.203995973104611e-05,0.0001627802848815918,0.0010868310928344727,1.2666869224631228e-05,9.010935900732875e-05,0.0006154775619506836,0.0012522339820861816,0.00010588072473183274,0.9999454021453857
87-Dewgong.png,Ice,0.0008516609668731689,0.00031182169914245605,0.0030242204666137695,0.00013110041618347168,0.0032242238521575928,0.0007635056972503662,0.0002740025520324707,0.02217501401901245,0.0006424784660339355,0.00029784440994262695,0.0003357231616973877,0.9994536638259888,0.0024920403957366943,0.0007537007331848145,0.00938647985458374,0.0018694698810577393,0.044911205768585205,0.1638633906841278
88-Grimer.png,Poison,2.5424682462471537e-05,7.94885909272125e-06,2.9941929824417457e-06,1.70748512573482e-06,9.17426950763911e-06,0.00023308396339416504,1.237197830050718e-05,6.665000000793952e-07,0.0001217119861394167,0.00010090682189911604,1.2842670912505127e-05,4.9806225433712825e-05,1.046400393533986e-05,0.9999662637710571,1.5185579286480788e-05,2.613709284560173e-06,3.729888703674078e-06,0.00010711032518884167
89-Muk.png,Poison,0.00030347704887390137,3.40717269864399e-05,2.3744423742755316e-05,7.812096555426251e-06,2.0762343410751782e-05,0.00020304322242736816,5.8249705034540966e-05,2.06286676984746e-05,0.000580906867980957,4.64427939732559e-05,0.003763258457183838,2.7466421670396812e-05,5.010584573028609e-05,0.9999604821205139,8.29060263640713e-06,5.652532490785234e-05,9.932871762430295e-06,1.7500744434073567e-05
9-Blastoise.png,Water,2.1547644792008214e-05,8.928244028538757e-07,3.929705144400941e-06,6.289998850661505e-07,3.967924840253545e-06,2.4052683329500724e-06,7.427725563502463e-07,1.0956429832731374e-05,2.0871709693892626e-07,4.259865818312392e-06,0.021976977586746216,0.0003546774387359619,4.9376514652976766e-05,4.510175131144933e-06,0.0003363490104675293,0.47990116477012634,1.1038961019949056e-05,0.9988816976547241
90-Shellder.png,Water,1.8290936623088783e-06,1.1710386615959578e-06,4.6139990672600106e-07,7.976333108672407e-06,2.7220673359806824e-07,2.1696503608836792e-05,1.1782169622165384e-06,1.450160016247537e-05,8.097225645542494e-07,2.757223955995869e-05,2.133167981810402e-06,0.00018852949142456055,2.634010343172122e-06,7.326625109271845e-06,1.5241947039612569e-05,7.647846359759569e-05,1.0891920283029322e-05,0.9999974966049194
91-Cloyster.png,"Ice,Water",3.3657136100373464e-06,1.1445526979514398e-05,8.217823778977618e-05,1.6994079032883747e-06,0.00010549912258284166,2.1629319235216826e-05,9.023319580592215e-05,5.660672832163982e-05,3.930042566935299e-06,3.1056836178322555e-06,7.236441433633445e-06,0.9999639987945557,1.3082288205623627e-05,1.987174073292408e-05,0.00029224157333374023,0.00023624300956726074,0.0008603036403656006,0.9999661445617676
92-Gastly.png,"Ghost,Poison",0.00015780329704284668,0.00040659308433532715,3.224696047254838e-05,0.0004769861698150635,1.1436100066930521e-05,1.1968551007157657e-05,4.031627395306714e-05,5.6995013437699527e-05,0.9999942779541016,6.975394353503361e-05,5.916923328186385e-06,6.488455255748704e-06,7.553760224254802e-05,0.9999055862426758,2.539351953600999e-05,7.12899854988791e-05,9.597453754395247e-05,3.938396548619494e-05
93-Haunter.png,"Ghost,Poison",2.9780589102301747e-05,0.0004037916660308838,2.31273916142527e-05,0.00011218644795008004,1.0851143088075332e-05,1.60407907969784e-05,5.64633364774636e-06,1.8165193978347816e-05,0.99996018409729,5.7279670727439225e-05,2.1594774807454087e-05,6.490887699328596e-06,1.717826489766594e-05,0.9999373555183411,7.1789222602092195e-06,2.1746654965681955e-05,1.95672400877811e-05,4.362580511951819e-05
94-Gengar.png,"Ghost,Poison",3.74805458704941e-05,0.0002053678035736084,1.696528124739416e-05,0.00027057528495788574,4.914708824799163e-06,2.289212261530338e-06,7.889866537880152e-06,2.6223030999972252e-06,0.9998334646224976,0.00012865662574768066,8.337501640198752e-06,9.467148629482836e-07,1.3515405044017825e-05,0.999980092048645,3.0100914045760874e-06,5.678047273249831e-06,1.193949174194131e-05,2.635711553011788e-06
95-Onix.png,"Ground,Rock",1.8979069409397198e-06,4.38259266957175e-05,0.00015690922737121582,1.243231054104399e-05,3.898469458363252e-06,3.414205025364936e-07,2.8304955321800662e-06,3.067878424189985e-05,3.4083118407579605e-06,3.4752961255435366e-06,0.9999942779541016,1.9369545043446124e-05,5.159926331543829e-06,4.7478044962190324e-07,2.4191644115489908e-05,0.9999990463256836,5.6257558753713965e-05,9.08585025172215e-06
96-Drowzee.png,Psychic,1.0491887678654166e-06,1.7079402823583223e-05,5.190447154745925e-06,5.88858820265159e-05,5.60634616704192e-05,2.9302280381671153e-05,0.00016832351684570312,9.685068653197959e-05,1.1557769539649598e-05,0.00011657815048238263,8.253638952737674e-05,0.00017523765563964844,5.4440337407868356e-05,3.333369386382401e-05,0.999875545501709,6.406324973795563e-05,5.1400793381617405e-06,0.000714421272277832
97-Hypno.png,Psychic,2.8650133572227787e-06,0.0001672208309173584,3.715749699040316e-05,3.509071029839106e-05,8.838367648422718e-05,0.00037109851837158203,0.00015687942504882812,0.0005610883235931396,9.390313789481297e-05,0.00037339329719543457,0.00046184659004211426,0.0009649991989135742,9.576187585480511e-05,4.320555308368057e-05,0.9998959302902222,7.838369492674246e-05,3.9540143916383386e-05,0.0005189180374145508
98-Krabby.png,Water,0.0006532669067382812,0.0007794201374053955,0.00017017126083374023,0.0034171342849731445,0.00015231966972351074,0.0023407936096191406,0.003386855125427246,7.739480497548357e-05,0.0003629326820373535,0.003619164228439331,0.00011102143616881222,0.00011849645670736209,5.599736323347315e-05,0.0015206336975097656,0.000559687614440918,0.0013208985328674316,0.00021851062774658203,0.9990935325622559
99-Kingler.png,Water,8.71959582582349e-06,0.00011446853750385344,2.800008405756671e-05,6.731639587087557e-05,8.36663821246475e-06,0.0013276338577270508,0.00040033459663391113,0.0004939734935760498,8.621716915513389e-06,4.12442532251589e-05,6.766989099560305e-05,0.0005165338516235352,8.688899470143951e-06,0.00010024987568613142,0.00015586614608764648,0.0001697838306427002,5.9831827456946485e-06,0.9999822974205017
